rank,file,score,score_pct,max_score,hill_score,hill_pct,gradual_score,gradual_pct,wins,losses,ties,total_rounds,win_pct,tie_pct,loss_pct,avg_win_cycles,avg_loss_cycles,avg_tsp,avg_mc,n_opponents
1,quicksilver88.red,18616.00,81.56,22824.00,18616.00,81.56,23187.26,78.15,5622,236,1750,7608,73.90,23.00,3.10,8218.8,26505.9,6636.25,6675.20,317
2,herempaper.red,17753.00,77.78,22824.00,17753.00,77.78,21754.20,73.32,5214,283,2111,7608,68.53,27.75,3.72,12563.8,32195.3,9898.95,3409.22,317
3,oneshot88.red,17450.00,76.45,22824.00,17450.00,76.45,20139.10,67.87,5322,802,1484,7608,69.95,19.51,10.54,36206.9,16732.1,3958.12,76.61,317
4,gymnospermtrickery.red,17413.00,76.29,22824.00,17413.00,76.29,21817.00,73.53,5286,767,1555,7608,69.48,20.44,10.08,7375.4,22215.7,20817.46,43.96,317
5,paradox.red,17251.00,75.58,22824.00,17251.00,75.58,20543.81,69.24,4936,229,2443,7608,64.88,32.11,3.01,21616.0,44318.6,10921.13,2408.01,317
6,pacman3.red,17088.00,74.87,22824.00,17088.00,74.87,21136.14,71.23,5158,836,1614,7608,67.80,21.21,10.99,11552.3,18252.1,4340.89,184.20,317
7,notepaper.red,16995.00,74.46,22824.00,16995.00,74.46,20454.85,68.94,4847,307,2454,7608,63.71,32.26,4.04,17549.6,35509.4,13803.84,3140.64,317
8,gisela609.red,16888.00,73.99,22824.00,16888.00,73.99,20506.69,69.11,5105,930,1573,7608,67.10,20.68,12.22,18386.1,17230.3,4771.36,149.45,317
9,winter.red,16843.00,73.80,22824.00,16843.00,73.80,19555.20,65.91,5047,859,1702,7608,66.34,22.37,11.29,33102.4,11505.8,16783.50,135.79,317
10,blurstone88.red,16776.00,73.50,22824.00,16776.00,73.50,20543.83,69.24,5109,1050,1449,7608,67.15,19.05,13.80,15535.8,11937.0,22445.29,167.12,317
11,nimbus12.red,16636.00,72.89,22824.00,16636.00,72.89,20314.70,68.47,4717,406,2485,7608,62.00,32.66,5.34,11569.8,23333.5,11189.16,6467.55,317
12,impsimpsimps.red,16617.00,72.80,22824.00,16617.00,72.80,19917.46,67.13,4547,85,2976,7608,59.77,39.12,1.12,15857.4,45469.7,2999.76,7285.64,317
13,fastfood.red,16603.00,72.74,22824.00,16603.00,72.74,19150.51,64.54,4905,815,1888,7608,64.47,24.82,10.71,35245.6,19117.7,8550.09,120.10,317
14,gibraltar.red,16585.00,72.66,22824.00,16585.00,72.66,20065.56,67.63,4935,893,1780,7608,64.87,23.40,11.74,18942.7,20322.4,13639.56,81.21,317
15,hydra.red,16505.00,72.31,22824.00,16505.00,72.31,20035.25,67.52,4642,387,2579,7608,61.01,33.90,5.09,13660.4,34020.3,23187.42,186.35,317
16,pale3.red,16466.00,72.14,22824.00,16466.00,72.14,19818.79,66.79,4894,930,1784,7608,64.33,23.45,12.22,20030.4,10970.6,20988.61,164.77,317
17,fallingleaf.red,16438.00,72.02,22824.00,16438.00,72.02,20119.68,67.81,4841,852,1915,7608,63.63,25.17,11.20,13968.4,20075.0,17123.27,170.28,317
18,twilight6.red,16347.00,71.62,22824.00,16347.00,71.62,19657.72,66.25,4809,879,1920,7608,63.21,25.24,11.55,20140.8,16442.3,16178.50,104.31,317
19,icewall.red,16303.00,71.43,22824.00,16303.00,71.43,20233.37,68.19,4830,965,1813,7608,63.49,23.83,12.68,9520.0,20862.0,12577.44,68.00,317
20,impurge.red,16184.00,70.91,22824.00,16184.00,70.91,19651.78,66.23,4852,1128,1628,7608,63.77,21.40,14.83,18314.1,17846.0,25839.74,48.51,317
21,iaasmr3.red,16088.00,70.49,22824.00,16088.00,70.49,19609.70,66.09,4740,1000,1868,7608,62.30,24.55,13.14,15899.3,20707.4,13220.19,152.14,317
22,twilight3.red,16086.00,70.48,22824.00,16086.00,70.48,19480.16,65.65,4700,922,1986,7608,61.78,26.10,12.12,17530.0,19751.8,16378.57,105.79,317
23,snake.red,16056.00,70.35,22824.00,16056.00,70.35,19069.58,64.27,4599,750,2259,7608,60.45,29.69,9.86,23254.5,20704.4,4218.99,70.83,317
24,zippol.red,15919.00,69.75,22824.00,15919.00,69.75,19391.83,65.36,4486,661,2461,7608,58.96,32.35,8.69,12516.5,20304.2,21792.11,43.75,317
25,moonstone.red,15899.00,69.66,22824.00,15899.00,69.66,19768.12,66.62,4639,987,1982,7608,60.98,26.05,12.97,7706.3,19494.2,4469.68,92.38,317
26,illusion.red,15780.00,69.14,22824.00,15780.00,69.14,18233.70,61.45,4630,1088,1890,7608,60.86,24.84,14.30,34971.1,19900.4,4667.64,58.22,317
27,molerat.red,15728.00,68.91,22824.00,15728.00,68.91,18918.75,63.76,4352,584,2672,7608,57.20,35.12,7.68,16653.0,30575.6,9301.56,3388.43,317
28,wellIdont.red,15692.00,68.75,22824.00,15692.00,68.75,18385.75,61.96,4097,110,3401,7608,53.85,44.70,1.45,22002.3,37390.4,11367.32,2898.58,317
29,bpp.red,15595.00,68.33,22824.00,15595.00,68.33,18837.70,63.49,4522,1057,2029,7608,59.44,26.67,13.89,17511.6,12064.4,2343.18,280.39,317
30,sleepless.red,15568.00,68.21,22824.00,15568.00,68.21,19357.79,65.24,4432,904,2272,7608,58.25,29.86,11.88,6390.6,26466.6,26513.55,63.12,317
31,imprimis6.red,15558.00,68.17,22824.00,15558.00,68.17,18417.09,62.07,4145,340,3123,7608,54.48,41.05,4.47,20115.1,39166.9,5939.97,6916.53,317
32,tombstone.red,15552.00,68.14,22824.00,15552.00,68.14,19445.19,65.54,4639,1334,1635,7608,60.98,21.49,17.53,6934.0,11988.2,18664.99,215.66,317
33,bscanlive.red,15533.00,68.06,22824.00,15533.00,68.06,18835.76,63.48,4580,1235,1793,7608,60.20,23.57,16.23,17487.2,13244.8,19406.38,343.35,317
34,precipice.red,15523.00,68.01,22824.00,15523.00,68.01,18746.18,63.18,4515,1115,1978,7608,59.35,26.00,14.66,18517.9,17986.5,1775.62,292.59,317
35,stone88.red,15450.00,67.69,22824.00,15450.00,67.69,19275.07,64.96,4605,1368,1635,7608,60.53,21.49,17.98,7721.8,11784.2,835.84,358.48,317
36,synch4.red,15422.00,67.57,22824.00,15422.00,67.57,18758.41,63.22,4544,1274,1790,7608,59.73,23.53,16.75,16962.3,17883.5,19308.29,107.36,317
37,nightfall.red,15350.00,67.25,22824.00,15350.00,67.25,18225.80,61.43,3943,144,3521,7608,51.83,46.28,1.89,15751.5,35860.4,17151.16,3841.26,317
38,proteus3.red,15320.00,67.12,22824.00,15320.00,67.12,18623.22,62.77,4176,640,2792,7608,54.89,36.70,8.41,11326.1,24037.3,6963.49,1673.88,317
39,eloquent.red,15248.00,66.81,22824.00,15248.00,66.81,18058.27,60.86,4014,388,3206,7608,52.76,42.14,5.10,19271.0,34999.2,8804.62,3649.26,317
40,eclipse2.red,15229.00,66.72,22824.00,15229.00,66.72,18729.41,63.12,4435,1249,1924,7608,58.29,25.29,16.42,12209.4,18908.7,21411.36,228.75,317
41,impire.red,14958.00,65.54,22824.00,14958.00,65.54,17611.00,59.35,3970,590,3048,7608,52.18,40.06,7.75,23072.1,37443.5,1170.93,7001.09,317
42,confetti.red,14920.00,65.37,22824.00,14920.00,65.37,18679.32,62.95,4289,1266,2053,7608,56.37,26.98,16.64,4375.1,17428.1,22377.46,273.00,317
43,noties2.red,14895.00,65.26,22824.00,14895.00,65.26,18580.47,62.62,4367,1447,1794,7608,57.40,23.58,19.02,6801.2,12343.9,968.00,356.56,317
44,tungsten.red,14890.00,65.24,22824.00,14890.00,65.24,18058.87,60.86,4303,1324,1981,7608,56.56,26.04,17.40,16454.3,14003.7,20973.00,139.57,317
45,hellicon.red,14855.00,65.08,22824.00,14855.00,65.08,18057.94,60.86,4010,773,2825,7608,52.71,37.13,10.16,10965.9,22932.5,8203.16,1179.14,317
46,imprimis4.red,14828.00,64.97,22824.00,14828.00,64.97,17524.33,59.06,3829,438,3341,7608,50.33,43.91,5.76,19725.0,45618.8,2056.65,7121.45,317
47,smoothnod6.red,14825.00,64.95,22824.00,14825.00,64.95,17933.19,60.44,3869,521,3218,7608,50.85,42.30,6.85,9935.4,22473.2,9330.68,2154.49,317
48,parthenos.red,14718.00,64.48,22824.00,14718.00,64.48,17620.97,59.39,3988,866,2754,7608,52.42,36.20,11.38,17341.4,21198.8,7469.13,67.27,317
49,challenge1.red,14608.00,64.00,22824.00,14608.00,64.00,17473.95,58.89,3919,838,2851,7608,51.51,37.47,11.01,16853.4,19544.9,20392.85,68.46,317
50,nothingspII.red,14569.00,63.83,22824.00,14569.00,63.83,17395.19,58.63,3843,725,3040,7608,50.51,39.96,9.53,16379.1,20861.3,7010.08,87.72,317
51,noties.red,14567.00,63.82,22824.00,14567.00,63.82,18151.64,61.18,4231,1503,1874,7608,55.61,24.63,19.76,6713.8,12815.8,996.12,463.98,317
52,armadillo88.red,14486.00,63.47,22824.00,14486.00,63.47,16990.31,57.26,3882,886,2840,7608,51.03,37.33,11.65,24588.8,19043.1,21717.41,95.21,317
53,engine9.red,14486.00,63.47,22824.00,14486.00,63.47,17440.28,58.78,3821,764,3023,7608,50.22,39.73,10.04,13750.4,27867.7,12560.30,2371.35,317
54,hitbeast.red,14450.00,63.31,22824.00,14450.00,63.31,17440.07,58.78,4081,1320,2207,7608,53.64,29.01,17.35,16792.1,13351.1,20534.03,60.73,317
55,drone.red,14428.00,63.21,22824.00,14428.00,63.21,16454.84,55.46,4131,1442,2035,7608,54.30,26.75,18.95,38538.8,13868.0,1096.92,308.65,317
56,vent.red,14382.00,63.01,22824.00,14382.00,63.01,16802.96,56.63,4008,1242,2358,7608,52.68,30.99,16.32,28655.5,17042.6,18152.22,235.93,317
57,twill.red,14342.00,62.84,22824.00,14342.00,62.84,17682.20,59.59,3833,932,2843,7608,50.38,37.37,12.25,4681.3,19820.6,2842.48,115.81,317
58,uzi2.red,14327.00,62.77,22824.00,14327.00,62.77,17761.86,59.86,4006,1293,2309,7608,52.66,30.35,17.00,8134.4,30326.8,2853.76,990.92,317
59,emerald.red,14319.00,62.74,22824.00,14319.00,62.74,17650.64,59.49,3859,1007,2742,7608,50.72,36.04,13.24,5839.3,22254.4,20051.55,267.74,317
60,nerxa16.red,14304.00,62.67,22824.00,14304.00,62.67,17756.51,59.84,4105,1514,1989,7608,53.96,26.14,19.90,9894.5,28394.7,2571.17,883.31,317
61,pittrap.red,14287.00,62.60,22824.00,14287.00,62.60,16987.50,57.25,4075,1471,2062,7608,53.56,27.10,19.33,23296.0,13728.7,996.11,208.10,317
62,chaos.red,14273.00,62.54,22824.00,14273.00,62.54,17237.93,58.10,3703,741,3164,7608,48.67,41.59,9.74,11447.2,29448.5,10460.35,3026.51,317
63,mutagen21.red,14225.00,62.32,22824.00,14225.00,62.32,17332.55,58.42,3959,1301,2348,7608,52.04,30.86,17.10,13179.4,20207.5,10764.70,106.06,317
64,imps.red,14202.00,62.22,22824.00,14202.00,62.22,17192.91,57.94,3864,1134,2610,7608,50.79,34.31,14.91,13052.3,14231.5,561.48,797.91,317
65,emerald2.red,14165.00,62.06,22824.00,14165.00,62.06,17469.98,58.88,3803,1049,2756,7608,49.99,36.23,13.79,5074.9,18952.4,19236.06,222.76,317
66,small4.red,14145.00,61.97,22824.00,14145.00,61.97,17047.64,57.46,3884,1231,2493,7608,51.05,32.77,16.18,15178.7,11417.0,19149.75,204.96,317
67,flamdownpour.red,14136.00,61.93,22824.00,14136.00,61.93,16938.34,57.09,3656,784,3168,7608,48.05,41.64,10.30,13798.1,20269.2,7595.88,2696.38,317
68,small2.red,14097.00,61.76,22824.00,14097.00,61.76,16989.52,57.26,3872,1255,2481,7608,50.89,32.61,16.50,15397.0,12495.7,19284.00,212.92,317
69,earnest.red,13975.00,61.23,22824.00,13975.00,61.23,16341.63,55.08,3505,643,3460,7608,46.07,45.48,8.45,22539.6,31383.2,7950.00,6256.29,317
70,rex.red,13842.00,60.65,22824.00,13842.00,60.65,16961.03,57.16,3981,1728,1899,7608,52.33,24.96,22.71,12872.3,13036.8,14597.70,291.02,317
71,livingdead.red,13839.00,60.63,22824.00,13839.00,60.63,17224.67,58.05,3928,1625,2055,7608,51.63,27.01,21.36,7207.1,20793.6,19868.65,187.72,317
72,t-rex.red,13780.00,60.38,22824.00,13780.00,60.38,16628.09,56.04,3553,934,3121,7608,46.70,41.02,12.28,11400.7,22716.9,8446.49,3196.79,317
73,mice.red,13777.00,60.36,22824.00,13777.00,60.36,16489.13,55.57,3494,819,3295,7608,45.93,43.31,10.76,14180.3,30504.8,11792.27,2177.45,317
74,x5v14.red,13740.00,60.20,22824.00,13740.00,60.20,16617.43,56.01,3846,1560,2202,7608,50.55,28.94,20.50,15636.9,11872.3,2139.33,615.04,317
75,passport.red,13727.00,60.14,22824.00,13727.00,60.14,16274.62,54.85,3387,655,3566,7608,44.52,46.87,8.61,15914.8,32285.1,7402.08,3686.42,317
76,nerxa19.red,13573.00,59.47,22824.00,13573.00,59.47,16419.48,55.34,3395,825,3388,7608,44.62,44.53,10.84,8771.0,30539.3,2190.00,6559.12,317
77,antidwarf2.red,13539.00,59.32,22824.00,13539.00,59.32,16774.42,56.53,3796,1661,2151,7608,49.89,28.27,21.83,8400.1,21402.2,16375.88,202.26,317
78,rato.red,13535.00,59.30,22824.00,13535.00,59.30,16085.53,54.21,3310,693,3605,7608,43.51,47.38,9.11,14420.7,31320.1,7514.38,3978.20,317
79,wisp.red,13421.00,58.80,22824.00,13421.00,58.80,15861.74,53.46,3578,1343,2687,7608,47.03,35.32,17.65,22242.4,17252.3,23486.92,436.98,317
80,djungleb.red,13190.00,57.79,22824.00,13190.00,57.79,14918.77,50.28,3481,1380,2747,7608,45.75,36.11,18.14,38657.0,15902.6,973.29,377.09,317
81,rock.red,13049.00,57.17,22824.00,13049.00,57.17,16112.74,54.30,3454,1467,2687,7608,45.40,35.32,19.28,3640.6,13170.4,793.66,461.95,317
82,polydwarf.red,12971.00,56.83,22824.00,12971.00,56.83,15835.50,53.37,3270,1177,3161,7608,42.98,41.55,15.47,6825.9,29330.6,21540.92,667.70,317
83,nerxa9.red,12830.00,56.21,22824.00,12830.00,56.21,15081.48,50.83,3487,1752,2369,7608,45.83,31.14,23.03,26441.2,17173.4,2587.39,181.63,317
84,v3.red,12824.00,56.19,22824.00,12824.00,56.19,15686.59,52.87,3366,1516,2726,7608,44.24,35.83,19.93,7000.3,12965.0,1760.07,172.98,317
85,mousebomb.red,12754.00,55.88,22824.00,12754.00,55.88,15020.81,50.62,3057,968,3583,7608,40.18,47.10,12.72,18614.5,32166.7,5118.77,1608.68,317
86,stone.red,12714.00,55.70,22824.00,12714.00,55.70,15640.56,52.71,3289,1472,2847,7608,43.23,37.42,19.35,3524.8,13163.2,759.87,438.38,317
87,villam.red,12677.00,55.54,22824.00,12677.00,55.54,15500.89,52.24,3192,1315,3101,7608,41.96,40.76,17.28,2891.4,8353.7,1883.36,943.50,317
88,curse.red,12627.00,55.32,22824.00,12627.00,55.32,14841.83,50.02,3433,1847,2328,7608,45.12,30.60,24.28,26423.7,15771.5,2020.51,230.41,317
89,hithard.red,12602.00,55.21,22824.00,12602.00,55.21,14637.49,49.33,3399,1804,2405,7608,44.68,31.61,23.71,30445.9,15588.0,2918.07,295.58,317
90,dwarfmice.red,12524.00,54.87,22824.00,12524.00,54.87,15116.32,50.95,3095,1274,3239,7608,40.68,42.57,16.75,10799.9,28705.6,20424.94,809.06,317
91,eclipse.red,12518.00,54.85,22824.00,12518.00,54.85,15329.21,51.66,3352,1794,2462,7608,44.06,32.36,23.58,9786.1,18220.8,17406.51,205.41,317
92,emerald5.red,12472.00,54.64,22824.00,12472.00,54.64,15422.46,51.98,3419,1974,2215,7608,44.94,29.11,25.95,8133.6,18865.7,21588.95,301.67,317
93,dwarf.red,12440.00,54.50,22824.00,12440.00,54.50,15360.94,51.77,3242,1652,2714,7608,42.61,35.67,21.71,2962.7,13462.6,749.03,497.54,317
94,bubbles.red,12438.00,54.50,22824.00,12438.00,54.50,14942.45,50.36,3301,1772,2535,7608,43.39,33.32,23.29,15353.2,11705.3,8205.08,292.35,317
95,warf.red,12335.00,54.04,22824.00,12335.00,54.04,15244.02,51.38,3220,1713,2675,7608,42.32,35.16,22.52,3731.6,17068.8,14694.85,353.66,317
96,rat.red,12307.00,53.92,22824.00,12307.00,53.92,14587.40,49.16,3105,1511,2992,7608,40.81,39.33,19.86,19025.1,19916.8,11235.12,677.22,317
97,dwarfpp.red,12284.00,53.82,22824.00,12284.00,53.82,15169.17,51.12,3213,1750,2645,7608,42.23,34.77,23.00,3182.1,12399.2,875.70,321.21,317
98,kopi.red,12266.00,53.74,22824.00,12266.00,53.74,14364.86,48.41,2657,656,4295,7608,34.92,56.45,8.62,13216.2,31283.5,14158.27,2373.27,317
99,advanceddwarf.red,12218.00,53.53,22824.00,12218.00,53.53,15060.72,50.76,3171,1732,2705,7608,41.68,35.55,22.77,4305.5,16445.2,18793.20,189.77,317
100,glassrep.red,12135.00,53.17,22824.00,12135.00,53.17,14594.28,49.19,3021,1515,3072,7608,39.71,40.38,19.91,13515.9,26368.0,3496.64,1447.43,317
101,slowdown.red,12010.00,52.62,22824.00,12010.00,52.62,14461.85,48.74,3060,1718,2830,7608,40.22,37.20,22.58,11770.4,11995.4,2352.83,4437.75,317
102,dwarf28.red,12006.00,52.60,22824.00,12006.00,52.60,14829.28,49.98,3117,1836,2655,7608,40.97,34.90,24.13,2766.9,12528.2,867.05,560.69,317
103,gem.red,11909.00,52.18,22824.00,11909.00,52.18,14061.81,47.39,2661,1021,3926,7608,34.98,51.60,13.42,13451.1,31455.9,9939.27,1066.69,317
104,acidrain.red,11779.00,51.61,22824.00,11779.00,51.61,13972.08,47.09,2586,1001,4021,7608,33.99,52.85,13.16,10185.9,32369.2,2643.08,1182.86,317
105,nova.red,11584.00,50.75,22824.00,11584.00,50.75,13694.16,46.15,2650,1324,3634,7608,34.83,47.77,17.40,14407.1,23365.0,1575.39,3870.61,317
106,csapda.red,11461.00,50.21,22824.00,11461.00,50.21,12147.95,40.94,2477,1101,4030,7608,32.56,52.97,14.47,58121.7,14038.9,1610.16,230.68,317
107,bynars.red,11447.00,50.15,22824.00,11447.00,50.15,14157.01,47.71,3101,2363,2144,7608,40.76,28.18,31.06,6105.5,11181.7,1379.69,565.01,317
108,dwarfer2.red,11347.00,49.72,22824.00,11347.00,49.72,13326.12,44.91,2435,1131,4042,7608,32.01,53.13,14.87,14504.1,32703.8,3149.21,1154.03,317
109,backtrack7.red,11321.00,49.60,22824.00,11321.00,49.60,13898.46,46.84,2925,2137,2546,7608,38.45,33.46,28.09,7552.1,18106.6,14995.42,220.90,317
110,scoop23.red,11319.00,49.59,22824.00,11319.00,49.59,13712.51,46.21,2829,1947,2832,7608,37.18,37.22,25.59,8883.2,13366.9,6062.99,209.84,317
111,dumdum.red,11314.00,49.57,22824.00,11314.00,49.57,13991.07,47.15,2907,2108,2593,7608,38.21,34.08,27.71,1719.8,11101.8,1089.43,613.46,317
112,virus.red,11183.00,49.00,22824.00,11183.00,49.00,13258.13,44.68,2462,1349,3797,7608,32.36,49.91,17.73,11649.3,26981.0,8163.37,2088.35,317
113,mrnasty.red,11005.00,48.22,22824.00,11005.00,48.22,13596.65,45.82,2958,2519,2131,7608,38.88,28.01,33.11,6788.8,12335.8,1281.86,353.52,317
114,splitbomb.red,11001.00,48.20,22824.00,11001.00,48.20,12832.86,43.25,2318,1243,4047,7608,30.47,53.19,16.34,13747.0,16757.3,6668.07,203.07,317
115,cleaver.red,10998.00,48.19,22824.00,10998.00,48.19,13438.66,45.29,2675,1960,2973,7608,35.16,39.08,25.76,2697.8,11668.1,1678.74,550.64,317
116,tolive.red,10898.00,47.75,22824.00,10898.00,47.75,12149.57,40.95,2549,1808,3251,7608,33.50,42.73,23.76,40827.5,14187.2,16079.36,389.95,317
117,elf.red,10804.00,47.34,22824.00,10804.00,47.34,12622.78,42.54,2150,1104,4354,7608,28.26,57.23,14.51,9783.2,21813.9,2807.77,38.35,317
118,emerald4.red,10741.00,47.06,22824.00,10741.00,47.06,12896.71,43.47,2635,2137,2836,7608,34.63,37.28,28.09,14634.6,20405.6,9659.53,267.24,317
119,trident.red,10633.00,46.59,22824.00,10633.00,46.59,12625.94,42.55,2268,1511,3829,7608,29.81,50.33,19.86,4029.8,7221.2,916.68,6348.04,317
120,wang.red,10544.00,46.20,22824.00,10544.00,46.20,12561.59,42.34,2416,1896,3296,7608,31.76,43.32,24.92,15221.4,27100.4,2765.69,1274.85,317
121,impring.red,10539.00,46.18,22824.00,10539.00,46.18,12504.23,42.14,2232,1533,3843,7608,29.34,50.51,20.15,3864.7,6975.9,971.52,6243.78,317
122,keystonet13.red,10522.00,46.10,22824.00,10522.00,46.10,12703.92,42.82,2634,2354,2620,7608,34.62,34.44,30.94,13502.2,17962.6,17793.75,281.27,317
123,dwarfvampire.red,10499.00,46.00,22824.00,10499.00,46.00,12524.53,42.21,2380,1869,3359,7608,31.28,44.15,24.57,9621.3,15103.5,1202.21,548.45,317
124,crimson.red,10395.00,45.54,22824.00,10395.00,45.54,11845.43,39.92,2604,2421,2583,7608,34.23,33.95,31.82,36577.1,14734.0,2785.18,1044.60,317
125,signalgun.red,10349.00,45.34,22824.00,10349.00,45.34,12003.66,40.46,1941,1141,4526,7608,25.51,59.49,15.00,10067.6,22365.4,3131.09,112.54,317
126,xdwarfer.red,10310.00,45.17,22824.00,10310.00,45.17,11946.43,40.26,2005,1308,4295,7608,26.35,56.45,17.19,11502.8,13974.1,7831.93,518.81,317
127,fortress.red,10198.00,44.68,22824.00,10198.00,44.68,11987.62,40.40,2016,1442,4150,7608,26.50,54.55,18.95,5561.7,14058.6,573.99,3355.46,317
128,ike.red,10080.00,44.16,22824.00,10080.00,44.16,11294.51,38.07,1857,1242,4509,7608,24.41,59.27,16.32,25833.4,13349.5,18336.51,182.17,317
129,astrogem.red,10068.00,44.11,22824.00,10068.00,44.11,12106.93,40.80,2390,2320,2898,7608,31.41,38.09,30.49,11179.4,16251.0,1459.68,4528.27,317
130,polen.red,9991.00,43.77,22824.00,9991.00,43.77,11506.47,38.78,1728,1073,4807,7608,22.71,63.18,14.10,11308.6,33570.4,2981.30,860.57,317
131,shrimp.red,9950.00,43.59,22824.00,9950.00,43.59,11469.30,38.65,1837,1332,4439,7608,24.15,58.35,17.51,13750.7,22548.9,1087.51,5579.31,317
132,mortaux.red,9928.00,43.50,22824.00,9928.00,43.50,12074.23,40.69,2293,2266,3049,7608,30.14,40.08,29.78,2962.2,14028.8,1178.46,571.18,317
133,impbreed11.red,9913.00,43.43,22824.00,9913.00,43.43,11426.06,38.51,1817,1329,4462,7608,23.88,58.65,17.47,15137.3,28169.6,2111.24,1812.55,317
134,tamper.red,9560.00,41.89,22824.00,9560.00,41.89,11048.60,37.24,1712,1472,4424,7608,22.50,58.15,19.35,9301.2,17246.8,789.56,87.30,317
135,scoop11.red,9519.00,41.71,22824.00,9519.00,41.71,11008.62,37.10,1761,1611,4236,7608,23.15,55.68,21.18,9874.5,12457.4,6403.78,195.93,317
136,middle.red,9514.00,41.68,22824.00,9514.00,41.68,10892.35,36.71,1583,1260,4765,7608,20.81,62.63,16.56,12482.2,27926.9,2400.76,2208.74,317
137,impdwarf.red,9424.00,41.29,22824.00,9424.00,41.29,11242.17,37.89,1963,2110,3535,7608,25.80,46.46,27.73,5337.4,16051.6,3485.14,1199.90,317
138,wuss.red,9424.00,41.29,22824.00,9424.00,41.29,10898.30,36.73,1701,1586,4321,7608,22.36,56.80,20.85,10098.0,17230.2,910.75,103.73,317
139,dwarfgun.red,9222.00,40.40,22824.00,9222.00,40.40,10712.20,36.10,1685,1756,4167,7608,22.15,54.77,23.08,14810.4,28981.0,2566.09,854.44,317
140,ironsword.red,9161.00,40.14,22824.00,9161.00,40.14,10230.36,34.48,1615,1677,4316,7608,21.23,56.73,22.04,27518.2,13813.9,1386.01,377.84,317
141,divnconq.red,9079.00,39.78,22824.00,9079.00,39.78,10578.07,35.65,1796,2121,3691,7608,23.61,48.51,27.88,16977.1,21281.5,7739.90,1167.60,317
142,auto.red,9012.00,39.48,22824.00,9012.00,39.48,10711.03,36.10,1796,2188,3624,7608,23.61,47.63,28.76,5588.3,17873.6,1931.92,648.61,317
143,crazyimp.red,8975.00,39.32,22824.00,8975.00,39.32,9827.62,33.12,990,613,6005,7608,13.01,78.93,8.06,12643.5,33421.3,2434.58,6310.52,317
144,crimp2.red,8944.00,39.19,22824.00,8944.00,39.19,10323.99,34.79,2038,2740,2830,7608,26.79,37.20,36.01,27982.6,13676.2,5992.53,299.89,317
145,paratrooper.red,8944.00,39.19,22824.00,8944.00,39.19,9783.23,32.97,947,558,6103,7608,12.45,80.22,7.33,10069.0,33762.7,2418.25,6652.32,317
146,bownarrow.red,8924.00,39.10,22824.00,8924.00,39.10,9921.23,33.44,1173,1030,5405,7608,15.42,71.04,13.54,15607.6,28639.3,1931.41,1596.55,317
147,homunculus.red,8916.00,39.06,22824.00,8916.00,39.06,10101.84,34.05,1323,1338,4947,7608,17.39,65.02,17.59,9936.4,21380.4,11293.14,2625.15,317
148,spreel.red,8912.00,39.05,22824.00,8912.00,39.05,10694.28,36.04,2005,2706,2897,7608,26.35,38.08,35.57,10135.9,15255.8,2451.47,2296.89,317
149,harpye.red,8909.00,39.03,22824.00,8909.00,39.03,10624.86,35.81,1802,2303,3503,7608,23.69,46.04,30.27,2573.5,12699.1,1504.25,440.16,317
150,street.red,8872.00,38.87,22824.00,8872.00,38.87,9960.29,33.57,1216,1168,5224,7608,15.98,68.66,15.35,10890.1,24463.3,2741.59,3233.20,317
151,killer2.red,8813.00,38.61,22824.00,8813.00,38.61,9768.60,32.92,1047,889,5672,7608,13.76,74.55,11.69,11027.9,32214.5,2073.66,6558.76,317
152,fastvamp31.red,8781.00,38.47,22824.00,8781.00,38.47,10048.82,33.87,1364,1555,4689,7608,17.93,61.63,20.44,8474.0,21897.3,5951.77,1889.59,317
153,eru.red,8719.00,38.20,22824.00,8719.00,38.20,9756.04,32.88,1197,1283,5128,7608,15.73,67.40,16.86,16598.4,28567.7,2197.77,2129.97,317
154,superimp.red,8700.00,38.12,22824.00,8700.00,38.12,10169.97,34.28,1641,2190,3777,7608,21.57,49.65,28.79,4507.3,6966.7,1093.54,5347.17,317
155,worm.red,8696.00,38.10,22824.00,8696.00,38.10,9630.96,32.46,1059,1030,5519,7608,13.92,72.54,13.54,13721.4,28219.3,1624.24,1673.29,317
156,twopir.red,8684.00,38.05,22824.00,8684.00,38.05,10159.00,34.24,1636,2196,3776,7608,21.50,49.63,28.86,3958.0,6871.5,1114.13,5305.67,317
157,ultra.red,8680.00,38.03,22824.00,8680.00,38.03,10306.56,34.74,1962,2852,2794,7608,25.79,36.72,37.49,14455.1,12610.2,2735.55,1241.85,317
158,impgun.red,8626.00,37.79,22824.00,8626.00,37.79,9588.13,32.31,1069,1120,5419,7608,14.05,71.23,14.72,13449.4,28889.0,1619.97,2042.01,317
159,breadman.red,8602.00,37.69,22824.00,8602.00,37.69,9562.81,32.23,1061,1128,5419,7608,13.95,71.23,14.83,13318.7,29234.5,1636.71,2032.52,317
160,stasis.red,8583.00,37.61,22824.00,8583.00,37.61,9729.05,32.79,1292,1609,4707,7608,16.98,61.87,21.15,8510.7,13294.8,4726.11,447.53,317
161,hidenseek.red,8530.00,37.37,22824.00,8530.00,37.37,9781.90,32.97,1287,1652,4669,7608,16.92,61.37,21.71,9869.5,28631.3,2099.88,1171.90,317
162,blanket.red,8524.00,37.35,22824.00,8524.00,37.35,9864.84,33.25,1598,2280,3730,7608,21.00,49.03,29.97,15508.4,15916.1,1459.91,404.53,317
163,mortar.red,8524.00,37.35,22824.00,8524.00,37.35,9928.06,33.46,1560,2204,3844,7608,20.50,50.53,28.97,8526.3,13584.4,1355.33,469.23,317
164,dwarfjumper.red,8449.00,37.02,22824.00,8449.00,37.02,9681.47,32.63,1292,1743,4573,7608,16.98,60.11,22.91,3894.8,14490.3,783.59,712.73,317
165,signal.red,8362.00,36.64,22824.00,8362.00,36.64,9632.85,32.47,1356,1958,4294,7608,17.82,56.44,25.74,7380.8,16654.5,1255.47,296.27,317
166,clamp.red,8296.00,36.35,22824.00,8296.00,36.35,9887.68,33.32,1825,2962,2821,7608,23.99,37.08,38.93,12719.9,14202.0,8231.66,604.33,317
167,turtle.red,8291.00,36.33,22824.00,8291.00,36.33,9902.83,33.38,1812,2941,2855,7608,23.82,37.53,38.66,8337.1,10267.3,1342.30,4615.60,317
168,jumperclear.red,8257.00,36.18,22824.00,8257.00,36.18,9953.26,33.55,1868,3087,2653,7608,24.55,34.87,40.58,8555.2,12623.8,1597.35,854.74,317
169,irongate.red,8214.00,35.99,22824.00,8214.00,35.99,8958.11,30.19,807,1008,5793,7608,10.61,76.14,13.25,5850.7,14073.3,7381.55,82.41,317
170,irontrap.red,8145.00,35.69,22824.00,8145.00,35.69,8878.70,29.92,804,1071,5733,7608,10.57,75.35,14.08,6863.1,13479.3,7417.12,83.19,317
171,jumpysucker.red,8127.00,35.61,22824.00,8127.00,35.61,9358.71,31.54,1247,1975,4386,7608,16.39,57.65,25.96,9302.4,24294.5,3023.42,3132.86,317
172,lichen.red,8047.00,35.26,22824.00,8047.00,35.26,9702.20,32.70,1822,3205,2581,7608,23.95,33.92,42.13,4027.9,6113.1,1214.94,3301.43,317
173,impcannon.red,8019.00,35.13,22824.00,8019.00,35.13,8778.32,29.59,798,1185,5625,7608,10.49,73.94,15.58,11499.0,24363.5,1584.84,5638.72,317
174,imptrap.red,7999.00,35.05,22824.00,7999.00,35.05,9018.99,30.40,1040,1689,4879,7608,13.67,64.13,22.20,10260.6,24161.3,1719.55,4610.57,317
175,mft.red,7985.00,34.99,22824.00,7985.00,34.99,8957.02,30.19,1015,1653,4940,7608,13.34,64.93,21.73,8578.2,18932.4,8749.15,2153.94,317
176,s4b.red,7929.00,34.74,22824.00,7929.00,34.74,8668.56,29.22,786,1251,5571,7608,10.33,73.23,16.44,9129.9,18048.7,5848.30,156.69,317
177,creampuff2.red,7919.00,34.70,22824.00,7919.00,34.70,8618.18,29.05,741,1171,5696,7608,9.74,74.87,15.39,7010.5,15495.2,7544.32,58.68,317
178,impring2.red,7861.00,34.44,22824.00,7861.00,34.44,9097.55,30.66,1335,2417,3856,7608,17.55,50.68,31.77,3451.2,7189.2,1370.79,4896.63,317
179,pig.red,7861.00,34.44,22824.00,7861.00,34.44,8630.18,29.09,784,1315,5509,7608,10.30,72.41,17.28,9464.0,22364.9,891.73,6300.51,317
180,impzapper.red,7854.00,34.41,22824.00,7854.00,34.41,9099.85,30.67,1296,2346,3966,7608,17.03,52.13,30.84,10057.6,19274.6,2012.93,3674.80,317
181,minjump.red,7835.00,34.33,22824.00,7835.00,34.33,9351.51,31.52,1686,3145,2777,7608,22.16,36.50,41.34,4973.0,5941.7,1369.14,3157.26,317
182,splat.red,7793.00,34.14,22824.00,7793.00,34.14,8775.45,29.58,1015,1845,4748,7608,13.34,62.41,24.25,7715.4,17024.0,5561.64,900.98,317
183,dwarfer.red,7777.00,34.07,22824.00,7777.00,34.07,8600.09,28.98,784,1399,5425,7608,10.30,71.31,18.39,12597.7,32680.9,3125.54,1219.48,317
184,agony21.red,7754.00,33.97,22824.00,7754.00,33.97,8435.98,28.43,693,1240,5675,7608,9.11,74.59,16.30,8721.3,20366.3,28554.12,93.69,317
185,fellows.red,7748.00,33.95,22824.00,7748.00,33.95,9145.18,30.82,1516,2892,3200,7608,19.93,42.06,38.01,12862.0,17437.2,2485.57,379.87,317
186,lilshears.red,7748.00,33.95,22824.00,7748.00,33.95,8345.58,28.13,670,1200,5738,7608,8.81,75.42,15.77,13560.5,16132.2,8600.55,157.94,317
187,blamo01.red,7722.00,33.83,22824.00,7722.00,33.83,8736.00,29.44,1029,1944,4635,7608,13.53,60.92,25.55,4662.8,14596.4,1027.32,391.07,317
188,superlance.red,7672.00,33.61,22824.00,7672.00,33.61,8933.18,30.11,1369,2674,3565,7608,17.99,46.86,35.15,4413.9,7259.5,1275.56,4477.47,317
189,sting2.red,7655.00,33.54,22824.00,7655.00,33.54,8837.74,29.79,1163,2279,4166,7608,15.29,54.76,29.96,6378.3,19262.0,1593.72,393.89,317
190,coocoo.red,7620.00,33.39,22824.00,7620.00,33.39,8586.21,28.94,973,1934,4701,7608,12.79,61.79,25.42,8564.9,19054.7,8555.95,2758.15,317
191,sixthsense.red,7602.00,33.31,22824.00,7602.00,33.31,8220.15,27.70,637,1280,5691,7608,8.37,74.80,16.82,6447.3,14226.8,7234.37,82.64,317
192,tank.red,7572.00,33.18,22824.00,7572.00,33.18,8726.93,29.41,1200,2436,3972,7608,15.77,52.21,32.02,7387.6,14340.1,1496.22,463.36,317
193,shears.red,7546.00,33.06,22824.00,7546.00,33.06,7981.20,26.90,457,976,6175,7608,6.01,81.16,12.83,5671.7,10872.1,7292.17,247.64,317
194,revdwarf.red,7519.00,32.94,22824.00,7519.00,32.94,8461.73,28.52,940,1969,4699,7608,12.36,61.76,25.88,4529.3,14690.2,1087.96,344.64,317
195,gulliver.red,7488.00,32.81,22824.00,7488.00,32.81,8130.30,27.40,658,1436,5514,7608,8.65,72.48,18.87,9216.4,16479.2,4334.21,99.50,317
196,geminicannon.red,7481.00,32.78,22824.00,7481.00,32.78,8655.80,29.17,1193,2513,3902,7608,15.68,51.29,33.03,10655.7,19427.9,2213.56,995.28,317
197,revimp.red,7467.00,32.72,22824.00,7467.00,32.72,8561.35,28.85,1194,2529,3885,7608,15.69,51.06,33.24,10676.7,12903.9,971.84,4095.80,317
198,beholder17.red,7457.00,32.67,22824.00,7457.00,32.67,7948.71,26.79,499,1149,5960,7608,6.56,78.34,15.10,5418.3,12710.7,1395.94,366.72,317
199,beholder.red,7440.00,32.60,22824.00,7440.00,32.60,7926.57,26.71,499,1166,5943,7608,6.56,78.12,15.33,5831.5,12042.2,1594.43,320.86,317
200,smartbomb.red,7406.00,32.45,22824.00,7406.00,32.45,8270.14,27.87,801,1804,5003,7608,10.53,65.76,23.71,9557.3,25428.3,11016.92,67.34,317
201,comper2a.red,7381.00,32.34,22824.00,7381.00,32.34,8219.48,27.70,798,1823,4987,7608,10.49,65.55,23.96,7836.8,20914.2,7743.67,89.36,317
202,shortestworm8.red,7351.00,32.21,22824.00,7351.00,32.21,8801.97,29.67,1593,3443,2572,7608,20.94,33.81,45.25,5129.0,6342.5,1079.46,2826.70,317
203,gate.red,7345.00,32.18,22824.00,7345.00,32.18,8514.10,28.69,1167,2597,3844,7608,15.34,50.53,34.14,9133.3,18383.6,840.44,60.00,317
204,vamp.red,7280.00,31.90,22824.00,7280.00,31.90,8028.39,27.06,725,1778,5105,7608,9.53,67.10,23.37,7464.4,17635.0,7146.28,494.71,317
205,rustyoldsci4.red,7262.00,31.82,22824.00,7262.00,31.82,7677.87,25.88,413,1172,6023,7608,5.43,79.17,15.40,4657.7,11230.0,6477.20,242.18,317
206,bacteria.red,7238.00,31.71,22824.00,7238.00,31.71,7984.52,26.91,668,1706,5234,7608,8.78,68.80,22.42,11704.3,27348.1,3750.56,1398.26,317
207,crazyjane.red,7238.00,31.71,22824.00,7238.00,31.71,7681.97,25.89,426,1222,5960,7608,5.60,78.34,16.06,5425.2,14169.1,7130.28,254.58,317
208,backstabber.red,7181.00,31.46,22824.00,7181.00,31.46,7654.65,25.80,454,1335,5819,7608,5.97,76.49,17.55,6084.9,14400.6,7202.30,94.61,317
209,seventeen.red,7139.00,31.28,22824.00,7139.00,31.28,8073.56,27.21,824,2117,4667,7608,10.83,61.34,27.83,9485.6,26536.7,9582.16,104.34,317
210,icicle2.red,7124.00,31.21,22824.00,7124.00,31.21,7625.99,25.70,479,1442,5687,7608,6.30,74.75,18.95,4066.1,12871.5,1694.37,179.89,317
211,irony.red,7087.00,31.05,22824.00,7087.00,31.05,8104.92,27.32,1044,2609,3955,7608,13.72,51.98,34.29,9021.3,14126.2,4326.87,306.27,317
212,scissors88.red,7017.00,30.74,22824.00,7017.00,30.74,7536.27,25.40,538,1667,5403,7608,7.07,71.02,21.91,3189.4,6523.9,983.73,294.13,317
213,parasita.red,6987.00,30.61,22824.00,6987.00,30.61,7816.12,26.34,804,2229,4575,7608,10.57,60.13,29.30,9800.3,17421.9,6225.65,2310.13,317
214,roll.red,6958.00,30.49,22824.00,6958.00,30.49,7328.25,24.70,328,1306,5974,7608,4.31,78.52,17.17,4745.6,14174.7,7154.79,234.84,317
215,impthrough.red,6948.00,30.44,22824.00,6948.00,30.44,7907.37,26.65,1003,2666,3939,7608,13.18,51.77,35.04,16827.0,18495.0,1058.69,91.66,317
216,impgate.red,6928.00,30.35,22824.00,6928.00,30.35,7898.72,26.62,931,2542,4135,7608,12.24,54.35,33.41,9692.2,18437.0,832.42,74.27,317
217,impbreed.red,6893.00,30.20,22824.00,6893.00,30.20,7748.20,26.11,798,2311,4499,7608,10.49,59.14,30.38,9605.8,19319.2,1935.58,1866.26,317
218,spwum.red,6876.00,30.13,22824.00,6876.00,30.13,7320.39,24.67,424,1580,5604,7608,5.57,73.66,20.77,3812.6,10250.3,606.47,6397.42,317
219,overload.red,6834.00,29.94,22824.00,6834.00,29.94,7474.64,25.19,652,2078,4878,7608,8.57,64.12,27.31,6716.3,9923.9,3928.26,1092.47,317
220,boring2.red,6733.00,29.50,22824.00,6733.00,29.50,7084.83,23.88,339,1553,5716,7608,4.46,75.13,20.41,2136.1,7067.2,601.58,6274.01,317
221,implance.red,6733.00,29.50,22824.00,6733.00,29.50,7084.83,23.88,339,1553,5716,7608,4.46,75.13,20.41,2136.1,7067.2,601.58,6274.01,317
222,imphoser.red,6685.00,29.29,22824.00,6685.00,29.29,7620.21,25.68,859,2641,4108,7608,11.29,54.00,34.71,9173.1,18989.4,927.54,119.77,317
223,wow.red,6676.00,29.25,22824.00,6676.00,29.25,6998.67,23.59,317,1566,5725,7608,4.17,75.25,20.58,2361.8,5848.5,583.78,6502.65,317
224,charon2.red,6672.00,29.23,22824.00,6672.00,29.23,7162.02,24.14,427,1790,5391,7608,5.61,70.86,23.53,4540.0,14249.4,1290.61,214.00,317
225,st.red,6670.00,29.22,22824.00,6670.00,29.22,7007.53,23.62,289,1516,5803,7608,3.80,76.27,19.93,9255.5,14184.8,3009.66,77.70,317
226,orc.red,6661.00,29.18,22824.00,6661.00,29.18,6987.04,23.55,319,1585,5704,7608,4.19,74.97,20.83,2469.8,6032.6,597.89,6497.37,317
227,bigraidar.red,6659.00,29.18,22824.00,6659.00,29.18,7499.28,25.27,886,2721,4001,7608,11.65,52.59,35.76,11899.3,11869.3,1643.35,224.91,317
228,primeimp2.red,6659.00,29.18,22824.00,6659.00,29.18,6982.01,23.53,316,1581,5711,7608,4.15,75.07,20.78,2353.8,5942.4,582.02,6501.24,317
229,primeimp.red,6658.00,29.17,22824.00,6658.00,29.17,6982.85,23.53,318,1586,5704,7608,4.18,74.97,20.85,2503.4,6003.9,595.52,6508.35,317
230,bullwhip.red,6624.00,29.02,22824.00,6624.00,29.02,7142.11,24.07,448,1880,5280,7608,5.89,69.40,24.71,5170.9,14997.4,985.50,167.73,317
231,doubleimp.red,6616.00,28.99,22824.00,6616.00,28.99,7198.33,24.26,569,2130,4909,7608,7.48,64.52,28.00,6003.4,10202.3,867.21,5640.75,317
232,safe2.red,6573.00,28.80,22824.00,6573.00,28.80,7126.89,24.02,483,2001,5124,7608,6.35,67.35,26.30,11875.0,18362.2,4452.13,284.96,317
233,banzai2.red,6481.00,28.40,22824.00,6481.00,28.40,6751.03,22.75,204,1535,5869,7608,2.68,77.14,20.18,17098.9,16373.9,6392.10,166.24,317
234,hopper.red,6454.00,28.28,22824.00,6454.00,28.28,7491.74,25.25,1065,3284,3259,7608,14.00,42.84,43.17,8819.3,11261.0,1356.15,3284.63,317
235,crimp.red,6431.00,28.18,22824.00,6431.00,28.18,7401.66,24.95,937,3051,3620,7608,12.32,47.58,40.10,8960.3,14540.4,3860.02,431.45,317
236,terminator.red,6415.00,28.11,22824.00,6415.00,28.11,6600.61,22.25,132,1457,6019,7608,1.74,79.11,19.15,15174.9,12263.6,1395.15,465.59,317
237,killer.red,6356.00,27.85,22824.00,6356.00,27.85,6865.47,23.14,371,1994,5243,7608,4.88,68.91,26.21,12278.9,22750.0,2580.25,565.50,317
238,snowmanv315.red,6344.00,27.80,22824.00,6344.00,27.80,7231.40,24.37,834,2932,3842,7608,10.96,50.50,38.54,10409.5,15993.9,4617.74,430.83,317
239,kobold.red,6289.00,27.55,22824.00,6289.00,27.55,6494.54,21.89,137,1593,5878,7608,1.80,77.26,20.94,9099.9,12085.9,1051.65,329.62,317
240,fleas2.red,6275.00,27.49,22824.00,6275.00,27.49,6939.61,23.39,481,2295,4832,7608,6.32,63.51,30.17,12671.4,26167.7,2932.31,713.09,317
241,scissors31.red,6249.00,27.38,22824.00,6249.00,27.38,6465.50,21.79,141,1641,5826,7608,1.85,76.58,21.57,14356.3,13696.0,5192.67,76.68,317
242,boring3.red,6197.00,27.15,22824.00,6197.00,27.15,6684.45,22.53,480,2371,4757,7608,6.31,62.53,31.16,3109.6,6093.8,1034.20,5439.28,317
243,lobot.red,6170.00,27.03,22824.00,6170.00,27.03,6443.72,21.72,184,1806,5618,7608,2.42,73.84,23.74,9290.0,14103.0,852.85,557.11,317
244,x5v13.red,6149.00,26.94,22824.00,6149.00,26.94,6343.31,21.38,106,1671,5831,7608,1.39,76.64,21.96,17188.0,14291.2,2695.60,365.30,317
245,lookout.red,6131.00,26.86,22824.00,6131.00,26.86,6525.96,21.99,294,2065,5249,7608,3.86,68.99,27.14,12769.3,16715.9,2024.04,962.43,317
246,mutagen.red,6094.00,26.70,22824.00,6094.00,26.70,6375.99,21.49,200,1914,5494,7608,2.63,72.21,25.16,16259.7,14479.9,1210.17,331.45,317
247,idle.red,6093.00,26.70,22824.00,6093.00,26.70,6941.79,23.40,720,2955,3933,7608,9.46,51.70,38.84,6595.0,17205.7,693.36,473.66,317
248,useless.red,6093.00,26.70,22824.00,6093.00,26.70,6941.79,23.40,720,2955,3933,7608,9.46,51.70,38.84,6595.0,17205.7,693.36,473.66,317
249,droid.red,6051.00,26.51,22824.00,6051.00,26.51,6358.19,21.43,142,1841,5625,7608,1.87,73.94,24.20,13809.5,21885.4,7596.81,332.43,317
250,x5v12.red,6036.00,26.45,22824.00,6036.00,26.45,6236.83,21.02,98,1768,5742,7608,1.29,75.47,23.24,14567.5,14557.8,2691.25,339.54,317
251,mutagenpar.red,6029.00,26.42,22824.00,6029.00,26.42,6274.97,21.15,154,1887,5567,7608,2.02,73.17,24.80,15898.4,14299.7,1247.87,311.47,317
252,leprechaun.red,5989.00,26.24,22824.00,5989.00,26.24,6843.66,23.06,725,3069,3814,7608,9.53,50.13,40.34,6257.3,16500.2,1417.43,531.89,317
253,twice.red,5937.00,26.01,22824.00,5937.00,26.01,6700.45,22.58,606,2883,4119,7608,7.97,54.14,37.89,6724.4,18307.1,20271.36,558.05,317
254,pesticide.red,5935.00,26.00,22824.00,5935.00,26.00,6106.77,20.58,72,1817,5719,7608,0.95,75.17,23.88,15655.1,13170.4,2123.06,274.66,317
255,kinch.red,5933.00,25.99,22824.00,5933.00,25.99,6197.93,20.89,191,2057,5360,7608,2.51,70.45,27.04,7507.3,10613.2,1195.18,158.94,317
256,notquiteimp.red,5906.00,25.88,22824.00,5906.00,25.88,6230.18,21.00,291,2284,5033,7608,3.82,66.15,30.02,2313.9,6116.7,933.21,5785.37,317
257,hopper2.red,5878.00,25.75,22824.00,5878.00,25.75,6585.09,22.19,691,3112,3805,7608,9.08,50.01,40.90,6190.9,8567.6,1314.62,3184.41,317
258,banzai.red,5844.00,25.60,22824.00,5844.00,25.60,6052.02,20.40,132,2028,5448,7608,1.74,71.61,26.66,19952.6,11721.1,1695.44,240.39,317
259,smallvampire.red,5794.00,25.39,22824.00,5794.00,25.39,6060.62,20.43,165,2144,5299,7608,2.17,69.65,28.18,23278.2,15049.9,5199.46,319.85,317
260,vampyre.red,5773.00,25.29,22824.00,5773.00,25.29,6153.57,20.74,310,2455,4843,7608,4.07,63.66,32.27,3017.9,9131.8,1992.28,1302.39,317
261,tiny.red,5757.00,25.22,22824.00,5757.00,25.22,5953.07,20.06,85,2021,5502,7608,1.12,72.32,26.56,17002.4,13442.0,2774.13,138.96,317
262,retirante.red,5752.00,25.20,22824.00,5752.00,25.20,6655.16,22.43,921,3698,2989,7608,12.11,39.29,48.61,3795.0,6142.9,1107.97,2417.36,317
263,gnat2a.red,5741.00,25.15,22824.00,5741.00,25.15,6110.91,20.60,210,2287,5111,7608,2.76,67.18,30.06,11942.5,18287.7,908.41,147.92,317
264,validate.red,5658.00,24.79,22824.00,5658.00,24.79,6412.98,21.61,586,3122,3900,7608,7.70,51.26,41.04,6307.2,17243.0,1094.82,545.05,317
265,annoying.red,5609.00,24.58,22824.00,5609.00,24.58,6270.39,21.13,479,2957,4172,7608,6.30,54.84,38.87,7742.0,18397.4,1847.85,207.69,317
266,imp.red,5599.00,24.53,22824.00,5599.00,24.53,5964.18,20.10,339,2687,4582,7608,4.46,60.23,35.32,2540.4,5192.8,430.23,5865.91,317
267,copykatq2.red,5574.00,24.42,22824.00,5574.00,24.42,6240.35,21.03,487,3008,4113,7608,6.40,54.06,39.54,5055.7,17004.3,9236.24,592.35,317
268,littlescrew.red,5568.00,24.40,22824.00,5568.00,24.40,6265.57,21.12,526,3092,3990,7608,6.91,52.44,40.64,6068.5,16822.9,2011.65,361.15,317
269,scanvampire.red,5542.00,24.28,22824.00,5542.00,24.28,6214.94,20.95,509,3084,4015,7608,6.69,52.77,40.54,7710.7,16796.2,1885.67,570.99,317
270,fastestcoreclear.red,5518.00,24.18,22824.00,5518.00,24.18,5702.84,19.22,59,2208,5341,7608,0.78,70.20,29.02,11512.4,12624.7,1129.85,595.28,317
271,scannerY.red,5460.00,23.92,22824.00,5460.00,23.92,6187.26,20.85,589,3326,3693,7608,7.74,48.54,43.72,9615.0,15686.7,1808.84,571.92,317
272,gemini.red,5371.00,23.53,22824.00,5371.00,23.53,6134.37,20.67,735,3707,3166,7608,9.66,41.61,48.73,5438.0,7922.3,1474.01,776.61,317
273,nonzeroscanner.red,5339.00,23.39,22824.00,5339.00,23.39,6007.20,20.25,488,3245,3875,7608,6.41,50.93,42.65,4489.2,15632.9,1425.32,566.13,317
274,garlic.red,5321.00,23.31,22824.00,5321.00,23.31,5538.63,18.67,103,2493,5012,7608,1.35,65.88,32.77,11508.7,11092.4,1303.00,421.82,317
275,niche.red,5304.00,23.24,22824.00,5304.00,23.24,5945.05,20.04,444,3192,3972,7608,5.84,52.21,41.96,6591.9,17191.3,1926.34,339.33,317
276,quattro.red,5273.00,23.10,22824.00,5273.00,23.10,5879.06,19.81,561,3457,3590,7608,7.37,47.19,45.44,8297.7,8882.0,1468.06,2521.56,317
277,cproba.red,5265.00,23.07,22824.00,5265.00,23.07,5886.53,19.84,446,3235,3927,7608,5.86,51.62,42.52,5818.2,15413.9,2042.25,610.86,317
278,smitewhite.red,5251.00,23.01,22824.00,5251.00,23.01,5497.39,18.53,106,2569,4933,7608,1.39,64.84,33.77,12449.1,12910.6,1372.18,510.66,317
279,ttres.red,5233.00,22.93,22824.00,5233.00,22.93,5919.30,19.95,611,3597,3400,7608,8.03,44.69,47.28,7879.7,10595.8,1542.61,2830.84,317
280,fizzle.red,5118.00,22.42,22824.00,5118.00,22.42,5349.36,18.03,137,2764,4707,7608,1.80,61.87,36.33,6440.7,8537.3,891.71,374.20,317
281,suicidalalien22.red,5110.00,22.39,22824.00,5110.00,22.39,5311.28,17.90,47,2592,4969,7608,0.62,65.31,34.07,10172.8,12682.1,1015.84,313.25,317
282,juggernaut.red,5100.00,22.34,22824.00,5100.00,22.34,5952.55,20.06,845,4198,2565,7608,11.11,33.71,55.18,8515.2,8242.0,1641.20,2168.12,317
283,djustice.red,5081.00,22.26,22824.00,5081.00,22.26,5645.99,19.03,373,3273,3962,7608,4.90,52.08,43.02,5035.6,15302.3,1975.41,615.20,317
284,pleeease.red,5056.00,22.15,22824.00,5056.00,22.15,5261.18,17.73,114,2780,4714,7608,1.50,61.96,36.54,8330.5,8148.7,792.29,362.58,317
285,sargent.red,5049.00,22.12,22824.00,5049.00,22.12,5691.23,19.18,418,3395,3795,7608,5.49,49.88,44.62,4613.3,16950.2,1686.40,587.86,317
286,redrain.red,5027.00,22.03,22824.00,5027.00,22.03,5220.25,17.59,107,2795,4706,7608,1.41,61.86,36.74,6803.9,7523.2,820.25,356.28,317
287,burp.red,5023.00,22.01,22824.00,5023.00,22.01,5178.59,17.45,46,2677,4885,7608,0.60,64.21,35.19,17919.6,9223.6,665.12,533.68,317
288,threader2.red,4950.00,21.69,22824.00,4950.00,21.69,5470.49,18.44,328,3314,3966,7608,4.31,52.13,43.56,10270.2,15883.5,2004.01,2444.80,317
289,eratos.red,4940.00,21.64,22824.00,4940.00,21.64,5122.76,17.27,58,2784,4766,7608,0.76,62.64,36.59,9763.7,9836.8,832.66,347.72,317
290,dime.red,4920.00,21.56,22824.00,4920.00,21.56,5106.56,17.21,60,2808,4740,7608,0.79,62.30,36.91,10482.6,9945.6,1173.78,172.58,317
291,sad.red,4906.00,21.49,22824.00,4906.00,21.49,5566.48,18.76,493,3688,3427,7608,6.48,45.04,48.48,7836.5,14112.8,2201.96,146.89,317
292,gnat.red,4819.00,21.11,22824.00,4819.00,21.11,4967.67,16.74,22,2833,4753,7608,0.29,62.47,37.24,11577.1,9300.3,1016.99,58.59,317
293,shark.red,4791.00,20.99,22824.00,4791.00,20.99,4990.58,16.82,112,3041,4455,7608,1.47,58.56,39.97,7360.4,7106.5,823.83,335.47,317
294,backimp.red,4768.00,20.89,22824.00,4768.00,20.89,5288.77,17.82,374,3588,3646,7608,4.92,47.92,47.16,5567.2,11571.7,1765.85,798.35,317
295,antivamp.red,4754.00,20.83,22824.00,4754.00,20.83,4964.27,16.73,57,2968,4583,7608,0.75,60.24,39.01,16097.8,11407.6,1169.33,330.58,317
296,protondance.red,4754.00,20.83,22824.00,4754.00,20.83,5080.69,17.12,96,3046,4466,7608,1.26,58.70,40.04,8415.9,16374.4,821.73,108.30,317
297,dwarven.red,4683.00,20.52,22824.00,4683.00,20.52,4964.17,16.73,171,3267,4170,7608,2.25,54.81,42.94,7216.2,8641.0,1701.62,325.05,317
298,bombfinder.red,4598.00,20.15,22824.00,4598.00,20.15,4838.93,16.31,151,3312,4145,7608,1.98,54.48,43.53,6539.4,7013.0,1251.83,373.75,317
299,trigger.red,4586.00,20.09,22824.00,4586.00,20.09,5116.75,17.24,347,3716,3545,7608,4.56,46.60,48.84,4783.3,12762.2,1914.24,559.54,317
300,coreclear.red,4574.00,20.04,22824.00,4574.00,20.04,4796.44,16.17,68,3170,4370,7608,0.89,57.44,41.67,15600.2,10925.6,1311.81,313.78,317
301,imperor3.red,4260.00,18.66,22824.00,4260.00,18.66,4542.95,15.31,187,3722,3699,7608,2.46,48.62,48.92,7209.1,6975.4,2230.85,409.52,317
302,shrapnel.red,4164.00,18.24,22824.00,4164.00,18.24,4508.54,15.20,127,3698,3783,7608,1.67,49.72,48.61,30424.2,14803.3,880.36,489.94,317
303,flea.red,4067.00,17.82,22824.00,4067.00,17.82,4239.02,14.29,128,3797,3683,7608,1.68,48.41,49.91,6336.9,3473.6,978.40,2069.61,317
304,agonykiller.red,4059.00,17.78,22824.00,4059.00,17.78,4185.07,14.10,99,3747,3762,7608,1.30,49.45,49.25,9259.4,2523.8,1041.45,1500.32,317
305,ivy.red,3710.00,16.25,22824.00,3710.00,16.25,4219.42,14.22,300,4498,2810,7608,3.94,36.93,59.12,9648.8,12093.6,2084.03,437.39,317
306,b2.red,3499.00,15.33,22824.00,3499.00,15.33,3700.79,12.47,94,4297,3217,7608,1.24,42.28,56.48,6212.5,5760.1,1320.50,164.31,317
307,binarytree2.red,3230.00,14.15,22824.00,3230.00,14.15,3788.38,12.77,219,4816,2573,7608,2.88,33.82,63.30,11503.9,16180.3,2629.62,229.17,317
308,extra.red,2417.00,10.59,22824.00,2417.00,10.59,2517.11,8.48,62,5315,2231,7608,0.81,29.32,69.86,11543.7,1970.5,1082.26,17.79,317
309,catcan.red,1867.00,8.18,22824.00,1867.00,8.18,2068.91,6.97,79,5899,1630,7608,1.04,21.42,77.54,11940.0,4794.7,1305.55,141.92,317
310,crazy.red,1515.00,6.64,22824.00,1515.00,6.64,1536.19,5.18,6,6105,1497,7608,0.08,19.68,80.24,14588.2,549.5,229.63,37.31,317
311,alien22.red,1460.00,6.40,22824.00,1460.00,6.40,1460.18,4.92,0,6148,1460,7608,0.00,19.19,80.81,0.0,6.0,1.05,2.00,317
312,coke.red,1458.00,6.39,22824.00,1458.00,6.39,1460.48,4.92,0,6150,1458,7608,0.00,19.16,80.84,0.0,80.8,8.82,5.18,317
313,keystonet21.red,1451.00,6.36,22824.00,1451.00,6.36,1453.58,4.90,1,6159,1448,7608,0.01,19.03,80.95,4156.0,56.0,22.80,17.92,317
314,heapimp.red,1446.00,6.34,22824.00,1446.00,6.34,1447.05,4.88,0,6162,1446,7608,0.00,19.01,80.99,0.0,34.0,3.95,5.03,317
315,roller.red,1443.00,6.32,22824.00,1443.00,6.32,1443.54,4.87,0,6165,1443,7608,0.00,18.97,81.03,0.0,17.6,2.10,5.00,317
316,griffin.red,1425.00,6.24,22824.00,1425.00,6.24,1425.50,4.80,0,6183,1425,7608,0.00,18.73,81.27,0.0,16.2,1.65,7.00,317
317,trynumberfive.red,1417.00,6.21,22824.00,1417.00,6.21,1417.28,4.78,0,6191,1417,7608,0.00,18.63,81.37,0.0,9.1,0.67,5.00,317
